,centroid-0,centroid-1,area,convex_area,extent,eccentricity,orientation
1,497.4570184983678,1970.6692056583242,919,1250,0.37694831829368336,0.9486082456415883,-2.49863068165857
2,635.1458333333334,847.8333333333334,48,48,0.8571428571428571,0.6251405757637997,-2.112375810136563
3,666.1881188118812,857.7821782178218,101,109,0.8015873015873016,0.8111830978502791,-1.3731457537307263
4,679.3870967741935,1760.5483870967741,31,31,0.96875,0.8714721910315262,-1.5248732636625277
6,767.0,963.0,15,15,1.0,0.816496580927726,0.0
7,793.5,533.0333333333333,60,63,0.9090909090909091,0.8546646833409515,-0.06024915408478848
8,800.0,548.0,15,15,1.0,0.816496580927726,-1.5707963267948966
11,808.4,524.6,15,15,0.9375,0.4898979485566355,-0.785398163397448
14,821.6126126126126,363.36036036036035,222,259,0.47435897435897434,0.9814257427075821,-2.9070028615591803
15,826.8,691.5,30,33,0.8333333333333334,0.9211241176116961,-1.461002445967255
16,837.8,692.8333333333334,30,31,0.8571428571428571,0.7825229892387202,-1.9097994451653637
17,845.6139240506329,364.44303797468353,158,168,0.6929824561403509,0.840390526732673,-2.819721619922708
19,847.6461538461539,327.96923076923076,130,165,0.6190476190476191,0.9935464738624564,-3.089237102138706
20,846.2857142857143,1975.2857142857142,21,22,0.875,0.8146907709715228,-2.9487521660051614
21,853.1428571428571,1849.857142857143,21,21,0.84,0.712241974147557,-2.356194490192345
22,904.511615720524,644.6819213973799,5725,6028,0.7015931372549019,0.794842589961499,-2.656735384870982
23,869.5,298.0,24,24,0.8,0.7875027964065154,-0.9673876416522702
24,871.1071428571429,324.57142857142856,28,31,0.7,0.911202887063343,-2.7903227310000416
25,871.5,305.0,12,12,1.0,0.6831300510639732,-1.5707963267948966
26,875.125,1989.075,40,47,0.6349206349206349,0.9002004122909194,-1.1596022283721263
27,875.9090909090909,312.90909090909093,22,22,0.88,0.4282593998234223,-2.356194490192345
29,891.1327014218009,342.01895734597156,211,303,0.3836363636363636,0.9035305331285998,-2.4507369542112887
30,896.2727272727273,324.54545454545456,33,36,0.7857142857142857,0.6528308305791193,-1.3655176027739713
31,924.7174959871589,1911.4205457463884,623,1745,0.11835106382978723,0.9844179405974901,-0.49823951386550536
32,915.0,318.111801242236,161,221,0.38333333333333336,0.9530190323255121,-2.274257927320418
33,907.15,335.55,20,23,0.6666666666666666,0.876131059718132,-2.5283853047152838
34,910.5,1993.0,18,18,0.9,0.6934837441847964,-2.7382568788790387
35,938.0892255892256,372.4410774410774,594,805,0.54,0.910725359182862,-1.4262464933096295
36,914.4285714285714,1903.0,21,24,0.75,0.9146890665807529,-0.25336219646228386
37,918.0,1863.5,12,12,1.0,0.6831300510639732,0.0
39,920.0,1869.5,24,24,0.8,0.7875027964065154,-0.6034086851426262
40,926.7076923076924,160.5076923076923,65,71,0.7738095238095238,0.922274430469119,-1.6019309415127365
41,942.5555555555555,1899.4444444444443,72,97,0.5714285714285714,0.8464155831078414,-1.4258594171522847
42,941.5,143.0,12,12,1.0,0.6831300510639732,-1.5707963267948966
43,941.8333333333334,1881.6666666666667,18,19,0.9,0.6989295601575878,-1.2689216600961783
44,943.0,1888.0,15,15,1.0,0.816496580927726,0.0
45,954.0672268907563,155.01680672268907,119,136,0.6761363636363636,0.9523404143478501,-1.5208844380044875
46,949.725,679.5625,80,110,0.49382716049382713,0.9464070364568032,-0.3661193378462637
47,955.2549019607843,1966.862745098039,51,60,0.5604395604395604,0.9548947953512534,-1.2155736567220043
48,961.359649122807,1911.0263157894738,114,162,0.32386363636363635,0.9789498750308495,-1.0522091372180333
49,956.9583333333334,671.4166666666666,24,25,0.8,0.787020578276199,-0.5005437108015578
51,969.2394366197183,682.4225352112676,142,197,0.5201465201465202,0.9314163814674828,-1.924129356324135
52,965.0294117647059,1946.4117647058824,34,39,0.7727272727272727,0.9606658440068598,-1.4288293331326818
53,962.5,356.5,16,16,1.0,0.0,-0.7853981633974483
54,964.475,675.6,40,41,0.8333333333333334,0.7312224154021679,-1.9650006279592156
55,966.0,360.5,16,18,0.8,0.8141614619221464,-2.0256729057670015
58,972.0,445.5,12,12,1.0,0.6831300510639732,0.0
59,976.8709677419355,627.3225806451613,31,34,0.7380952380952381,0.8189814422881525,-2.5955399869947184
60,975.5714285714286,670.4285714285714,21,22,0.875,0.8054461593960613,-0.2760764952277517
61,994.7027027027027,1920.1756756756756,148,254,0.4625,0.9913555285156219,-1.5478606509681887
62,979.578947368421,1945.5263157894738,19,21,0.7916666666666666,0.8648250907976306,-2.819842099193151
63,980.5,153.0,12,12,1.0,0.6831300510639732,-1.5707963267948966
64,982.5,1979.5,14,14,0.875,0.6708203932499369,-0.7853981633974483
66,986.5,1940.0,12,12,1.0,0.6831300510639732,-1.5707963267948966
69,1006.0,1940.3650793650793,126,176,0.5185185185185185,0.9709672038474783,-1.4446951896819904
71,1018.25,1925.75,24,26,0.8571428571428571,0.8748177652797064,-1.7126933813990606
72,1039.094674556213,1941.189349112426,169,254,0.43333333333333335,0.9611003562184118,-1.3747135159715314
73,1030.607142857143,1926.375,56,62,0.8,0.9462137248256748,-1.5553103659271657
74,1042.5,1934.5,14,14,0.875,0.6708203932499369,-2.356194490192345
76,1052.6666666666667,143.0,18,18,0.9,0.6123724356957945,0.0
78,1054.0,137.5,12,12,1.0,0.6831300510639732,0.0
80,1058.0,673.5,18,18,0.9,0.6934837441847964,-1.1674605520841417
81,1070.03738317757,1959.5607476635514,107,190,0.30484330484330485,0.9695237981765779,-1.2363558257818115
83,1086.6511627906978,1971.5813953488373,43,49,0.5972222222222222,0.9581710010319258,-1.8967621611891126
84,1088.0,600.0,27,27,1.0,0.9486832980505138,-1.5707963267948966
85,1093.0714285714287,1852.0,28,31,0.8,0.8436180458044078,-2.8415310425449642
86,1094.4666666666667,604.4666666666667,30,32,0.8333333333333334,0.4349588362008401,-0.7853981633974487
87,1113.5932721712538,1951.7737003058105,327,532,0.20222634508348794,0.9897248073086332,-2.120186851896854
88,1110.1941176470589,1858.520588235294,340,405,0.6439393939393939,0.6154559316725449,-2.769895115382385
90,1107.0,536.0,15,15,1.0,0.816496580927726,0.0
91,1108.5,427.0,12,12,1.0,0.6831300510639732,-1.5707963267948966
92,1113.0434782608695,580.5652173913044,23,25,0.8214285714285714,0.8841269058640504,-1.8185276597551068
93,1115.9,587.05,20,21,0.8,0.764095202159598,-0.8357590823919849
95,1118.0,594.0,15,15,1.0,0.816496580927726,0.0
96,1124.1969696969697,429.0,66,89,0.6,0.5306105890912711,-2.4108526160410033
98,1126.2857142857142,404.2857142857143,21,22,0.84,0.6613000712661082,-2.356194490192345
99,1132.377049180328,1918.8688524590164,61,63,0.7922077922077922,0.8438966972255941,-1.2023449782845141
100,1132.0,1840.38,50,54,0.7142857142857143,0.79215487404853,-0.2514659504253818
101,1132.45,445.85,20,23,0.6666666666666666,0.876131059718132,-2.184003675669406
102,1132.5,419.5,16,16,1.0,0.0,-0.7853981633974483
104,1138.0,458.5,12,12,1.0,0.6831300510639732,0.0
105,1144.1052631578948,457.8421052631579,19,21,0.76,0.7960160621181703,-0.7408429325331773
106,1146.0,1932.0,19,19,0.76,0.816496580927726,-0.7853981633974483
107,1146.6363636363637,1998.090909090909,11,11,0.9166666666666666,0.7084437526351621,-1.8338295362932782
108,1147.909090909091,1888.909090909091,22,22,0.88,0.4282593998234223,-2.356194490192345
109,1152.8775510204082,1917.8979591836735,49,56,0.5384615384615384,0.9626706426515483,-2.783231485025908
111,1155.0,429.0,15,15,1.0,0.816496580927726,-1.5707963267948966
112,1157.695652173913,440.5652173913044,46,54,0.5476190476190477,0.9523198607298307,-2.733575405290176
113,1164.2957746478874,1995.338028169014,71,88,0.44375,0.9819884870705236,-1.221934001953541
114,1158.3793103448277,1906.344827586207,29,32,0.6041666666666666,0.9210983438046292,-2.6240126769334537
115,1157.0,1967.5,12,12,1.0,0.6831300510639732,0.0
117,1159.945945945946,471.05405405405406,37,40,0.7551020408163265,0.6908127982110602,-2.3291147713358367
118,1159.0,452.0,15,15,1.0,0.816496580927726,0.0
119,1161.4,419.4,15,15,0.9375,0.4898979485566357,-0.7853981633974483
123,1166.6666666666667,362.0,18,18,0.9,0.6123724356957945,0.0
124,1166.5,431.5,16,16,1.0,0.0,-0.7853981633974483
125,1167.84375,445.90625,32,33,0.9142857142857143,0.6847340610348954,-3.0759018193224845
126,1172.4166666666667,453.9583333333333,24,25,0.8,0.787020578276199,-1.0702526159933388
127,1173.2,358.68,25,26,0.8333333333333334,0.7494626391669681,-2.6525754672822686
128,1175.4137931034484,385.3448275862069,29,30,0.90625,0.8740319540072328,-1.610317773884193
129,1175.8333333333333,566.6666666666666,18,19,0.9,0.6989295601575878,-1.2689216600961783
130,1176.6,442.6,15,15,0.9375,0.4898979485566357,-0.7853981633974483
131,1183.4054054054054,358.86486486486484,37,38,0.925,0.7710765332461221,-1.6094441474310206
132,1183.6,477.4,15,15,0.9375,0.4898979485566357,-2.356194490192345
133,1183.44,1974.08,25,26,0.8928571428571429,0.8481071219732257,-0.18722699820453648
134,1184.5,365.0,12,12,1.0,0.6831300510639732,-1.5707963267948966
136,1193.5636363636363,534.7454545454545,55,59,0.859375,0.9727613286916024,-1.5769476092606842
137,1199.175,362.6125,80,113,0.5,0.9362157641902145,-1.2602362844846122
138,1197.1097560975609,382.5609756097561,82,87,0.7884615384615384,0.8200081313172393,-1.4183576036988188
139,1201.578125,375.53125,64,72,0.6666666666666666,0.9616305576802997,-1.3225723621567358
142,1204.0,324.0,15,15,1.0,0.816496580927726,0.0
143,1212.1351351351352,1740.418918918919,74,92,0.6491228070175439,0.9714939289524771,-1.5218669535378044
144,1205.6,333.4,15,15,0.9375,0.4898979485566357,-2.356194490192345
145,1208.3461538461538,480.88461538461536,26,26,0.8666666666666667,0.7053714156435726,-2.085099785228906
146,1210.7727272727273,1923.2272727272727,22,22,0.88,0.6106658672991558,-0.7853981633974485
149,1217.5,384.0,12,12,1.0,0.6831300510639732,-1.5707963267948966
151,1224.0,478.0,15,15,1.0,0.816496580927726,-1.5707963267948966
153,1229.5,477.0,12,12,1.0,0.6831300510639732,-1.5707963267948966
154,1240.4764705882353,405.5882352941176,170,219,0.47619047619047616,0.8862142224292766,-0.9867072221588332
155,1237.8947368421052,388.10526315789474,38,40,0.7916666666666666,0.8056161416777009,-1.1703258502314142
157,1241.4,431.4,15,15,0.9375,0.4898979485566357,-0.7853981633974483
158,1248.5925925925926,364.18518518518516,81,89,0.675,0.8301776084244648,-0.9709388977058142
162,1270.361111111111,306.037037037037,108,117,0.6923076923076923,0.679617172320153,-0.9447393569557996
163,1267.4,411.6,15,15,0.9375,0.4898979485566355,-0.785398163397448
164,1277.8648648648648,364.3243243243243,185,205,0.7007575757575758,0.9064216599559184,-1.4069435437822202
165,1272.1489361702127,373.82978723404256,47,51,0.746031746031746,0.7540753924289205,-1.0346188601087267
166,1272.111111111111,281.0,27,30,0.7714285714285715,0.8303699886990205,-1.8247830241987884
168,1274.2857142857142,339.7142857142857,21,22,0.875,0.8146907709715229,-0.1928404875846319
169,1279.0804597701149,396.1609195402299,87,100,0.6692307692307692,0.6383223437466149,-1.6991104145394678
170,1275.3333333333333,406.77777777777777,27,28,0.9,0.6777710871919358,-1.8548486930321102
174,1281.2142857142858,252.10714285714286,28,30,0.8,0.8124350150764709,-2.7621180005741284
175,1283.142857142857,259.0,21,22,0.84,0.5443145459415236,-2.2506478235809717
176,1288.612334801762,300.7136563876652,227,297,0.4892241379310345,0.9375410716273556,-2.841331603958716
177,1288.7972972972973,341.6081081081081,74,80,0.7474747474747475,0.6500033501672008,-1.0335096294331105
179,1290.5,264.0,12,12,1.0,0.6831300510639732,-1.5707963267948966
180,1291.0833333333333,565.9166666666666,24,24,0.96,0.40824829046386313,-0.785398163397449
181,1294.2888888888888,283.44444444444446,45,53,0.625,0.8533116698836042,-2.099348952081709
182,1292.3157894736842,557.7105263157895,38,39,0.9047619047619048,0.5846119348149769,-2.652187519407013
183,1295.075,549.325,40,43,0.8163265306122449,0.656606099659076,-2.288988904438421
185,1297.5433070866143,401.251968503937,127,133,0.79375,0.8258489613973226,-2.867604082708972
186,1313.340909090909,1987.1727272727273,220,309,0.2517162471395881,0.9886927545092107,-2.10018415423969
187,1322.9679487179487,356.09615384615387,1560,2135,0.5,0.8180270338582819,-2.10207149329884
188,1322.2592592592594,248.8148148148148,27,30,0.7714285714285715,0.830414617266753,-0.42023027938555924
189,1327.3805309734514,326.8407079646018,113,131,0.5406698564593302,0.9237738528449684,-2.6857546148134284
190,1330.6363636363637,252.13131313131314,99,114,0.7071428571428572,0.6941588984140245,-1.4728168171806673
191,1336.0588235294117,375.4117647058824,17,18,0.85,0.759283494666158,-1.1361789240619653
192,1347.8139534883721,1967.5503875968993,129,186,0.3161764705882353,0.9714026071632311,-2.1968942939980103
193,1342.0,251.33333333333334,18,18,0.9,0.6123724356957945,-1.5707963267948966
195,1350.0487804878048,479.219512195122,41,44,0.7321428571428571,0.7241027812793532,-0.5084423156576372
196,1354.6818181818182,257.8863636363636,44,48,0.8,0.9058668491316036,-1.5006300085708864
197,1353.5,334.8666666666667,30,33,0.75,0.8876230020568996,-1.8940937716100625
199,1354.9166666666667,529.9166666666666,24,24,0.96,0.40824829046386285,-0.7853981633974483
200,1360.65,1463.83125,320,355,0.7111111111111111,0.9009049057286244,-0.10973185800089524
201,1357.2857142857142,535.2857142857143,21,22,0.84,0.6613000712661082,-2.356194490192345
202,1391.0157457772689,290.7374749498998,3493,3865,0.7261954261954262,0.6190378186800103,-0.2287664852976936
203,1368.496551724138,1408.0758620689655,145,182,0.6359649122807017,0.8085168457712243,-1.6390000032546015
204,1364.15625,431.25,32,32,0.9142857142857143,0.7242205959787218,-2.905418222612193
206,1365.5,178.5,16,16,1.0,0.0,-0.7853981633974483
207,1368.4615384615386,1955.8846153846155,26,30,0.65,0.9284712734677992,-1.9618842432860055
210,1377.0,1481.1818181818182,44,47,0.7857142857142857,0.5250115937953195,-0.2470923685654436
211,1377.7936507936508,1379.063492063492,63,72,0.75,0.9344418528712323,-3.056329583645537
212,1380.2307692307693,1364.2,65,73,0.7222222222222222,0.715723154743312,-0.7680973789598117
213,1379.8947368421052,336.57894736842104,19,19,0.95,0.6322808964466018,-1.3470363392163116
214,1382.111111111111,1405.4444444444443,27,27,0.9642857142857143,0.8281202285589019,-1.5045205606465595
215,1381.5,1486.5,14,14,0.875,0.6708203932499369,-0.7853981633974483
216,1382.5,1952.0,12,12,1.0,0.6831300510639732,-1.5707963267948966
217,1386.0,456.5,12,12,1.0,0.6831300510639732,0.0
218,1386.8260869565217,467.0,23,23,0.92,0.12869789041755736,0.0
219,1394.1684210526316,1382.3894736842105,95,114,0.7037037037037037,0.8618986360292958,-1.787622313990423
220,1390.2926829268292,1490.560975609756,41,49,0.6507936507936508,0.8672328362436302,-2.1059226855925632
221,1406.2520325203252,806.3658536585366,123,205,0.4270833333333333,0.9778053250693954,-1.6757586966677362
222,1392.7,1392.7,30,35,0.7142857142857143,0.8045125430257379,-1.116853938141191
223,1401.2280701754387,450.56140350877195,57,64,0.6333333333333333,0.8849622372644571,-2.427049937194579
224,1399.3636363636363,373.5,22,22,0.9166666666666666,0.7507571935295483,0.0
226,1404.6,1975.4,15,15,0.9375,0.4898979485566357,-2.356194490192345
227,1405.4117647058824,160.94117647058823,17,18,0.85,0.7592834946661577,-2.7069752508568614
228,1429.445369406868,348.9240374609781,961,1169,0.448018648018648,0.9340692290759536,-2.5924877607561374
229,1420.549504950495,1993.7475247524753,202,296,0.37407407407407406,0.9390704404191061,-1.1132119822301723
230,1418.6485849056603,205.57665094339623,848,961,0.70843776106934,0.9613577042610102,-0.07283648207944804
231,1415.578947368421,140.89473684210526,19,19,0.95,0.6322808964466018,-0.22375998757858495
232,1419.3188405797102,129.28985507246378,69,80,0.6272727272727273,0.6190650438615825,-0.9470779791968097
233,1444.4111675126903,742.9340101522843,591,692,0.7538265306122449,0.9595699998916541,-1.5415597588899477
235,1424.0,179.0,15,15,1.0,0.816496580927726,-1.5707963267948966
236,1433.2295081967213,409.672131147541,122,140,0.7134502923976608,0.9168788145351877,-1.5007670095524377
237,1437.5125,244.14375,160,181,0.7655502392344498,0.8742824871311716,-1.4214778082109822
238,1430.5,376.0,12,12,1.0,0.6831300510639732,-1.5707963267948966
239,1434.5,305.88461538461536,26,27,0.8666666666666667,0.5772285936406557,-1.9497831364971927
241,1440.0,235.5,12,12,1.0,0.6831300510639732,0.0
242,1442.5,109.0,12,12,1.0,0.6831300510639732,-1.5707963267948966
243,1449.6818181818182,395.8181818181818,44,53,0.6666666666666666,0.9159114222654712,-1.3157134518178504
244,1467.3209019947963,1411.1665221162186,1153,1229,0.7152605459057072,0.8291991999032063,-0.2014043358280595
246,1457.5,509.0,12,12,1.0,0.6831300510639732,-1.5707963267948966
247,1459.0,616.5,18,18,0.9,0.6934837441847964,-1.9741321015056514
248,1463.4561403508771,842.2105263157895,57,66,0.7307692307692307,0.9133598520930014,-1.686211549070393
249,1460.952380952381,1991.6904761904761,42,47,0.5185185185185185,0.9356416749622118,-2.398628174028201
250,1472.766339869281,580.6143790849674,612,721,0.6725274725274726,0.8123526749603419,-2.068749770007718
251,1462.1052631578948,345.42105263157896,19,19,0.95,0.6322808964466017,-1.3470363392163116
252,1463.1136363636363,292.5681818181818,44,47,0.88,0.8850534813204995,-2.995913830836362
253,1462.5,508.0,12,12,1.0,0.6831300510639732,-1.5707963267948966
254,1464.576923076923,336.84615384615387,26,27,0.8666666666666667,0.7214486867002435,-1.1811032209041392
255,1465.0,1373.0,15,15,1.0,0.816496580927726,-1.5707963267948966
257,1465.0,676.5,12,12,1.0,0.6831300510639732,0.0
258,1500.9992163009404,351.3530564263323,5104,5569,0.7733333333333333,0.6551199908038011,-0.080305918844922
260,1475.4911504424779,689.5752212389381,226,263,0.6042780748663101,0.531848113564541,-2.853209348140039
262,1483.9102833158447,1539.0435466946485,1906,2024,0.731108553893364,0.9134727672204436,-3.1360259165465836
264,1474.857142857143,761.8571428571429,21,21,0.84,0.712241974147557,-0.7853981633974483
267,1483.0294117647059,1981.764705882353,34,39,0.6296296296296297,0.9124894367416092,-2.0597013755611986
268,1484.5,458.5,16,16,1.0,0.0,-0.7853981633974483
270,1488.6326530612246,683.3673469387755,49,57,0.6805555555555556,0.9363756651667138,-1.3116392676739426
272,1486.421052631579,772.8947368421053,19,19,0.95,0.6322808964466018,-2.917832666011208
273,1488.3157894736842,782.0263157894736,38,42,0.7916666666666666,0.7469654958245266,-2.841550449169759
274,1497.843853820598,600.7076411960132,301,324,0.6543478260869565,0.755115656571708,-1.0211650039987665
275,1496.359375,1978.234375,64,67,0.8533333333333334,0.9484577792937732,-1.5066549541859768
276,1506.6784274193549,755.8256048387096,992,1032,0.7786499215070644,0.8594203302056662,-0.09812397326751676
278,1498.0,477.0,15,15,1.0,0.816496580927726,0.0
279,1513.9606643356644,1794.3942307692307,1144,1269,0.6933333333333334,0.941063652213922,-3.075906031246271
280,1512.4257425742574,1980.4653465346535,101,124,0.5738636363636364,0.8942789732052668,-2.1793379312993446
281,1510.0,645.5,24,24,1.0,0.9343531843023135,0.0
283,1517.4,1989.6,15,15,0.9375,0.4898979485566355,-0.785398163397448
286,1531.328125,1429.59375,64,82,0.5714285714285714,0.9272529059838398,-0.23733082161828123
287,1531.3125,465.8958333333333,48,50,0.8888888888888888,0.7531343568644162,-0.015993502501328694
288,1531.5,1413.5,14,14,0.875,0.6708203932499369,-2.356194490192345
290,1536.92,638.68,25,26,0.8928571428571429,0.8349755780293057,-1.5171568989706952
291,1537.9166666666667,1982.0416666666667,24,27,0.6857142857142857,0.898383769809404,-1.139149261372343
292,1541.6,263.6,15,15,0.9375,0.4898979485566357,-0.7853981633974483
293,1542.888888888889,1436.4444444444443,27,27,0.9642857142857143,0.8281202285589021,-1.6370720929432336
294,1555.211100099108,317.4925668979187,1009,1111,0.6551948051948052,0.8824517629635085,-0.06252004139945733
295,1543.55,391.81666666666666,60,63,0.9090909090909091,0.8426269559529167,-3.0608251786465015
296,1549.0819672131147,839.9344262295082,61,66,0.8133333333333334,0.9540983401806618,-1.429888610381644
297,1545.9545454545455,267.3636363636364,22,25,0.7857142857142857,0.8993655236464688,-1.810947989018748
298,1544.4,451.6,15,15,0.9375,0.4898979485566355,-0.785398163397448
299,1548.3255813953488,1992.1046511627908,86,114,0.441025641025641,0.9280170948028628,-0.664755720090841
301,1549.3529411764705,383.7450980392157,51,62,0.5666666666666667,0.8688633993376979,-0.6492770329080028
302,1556.7894736842106,4.7593984962406015,133,161,0.5833333333333334,0.8952667343042526,-1.135815221146644
303,1555.1739130434783,647.0,23,23,0.92,0.12869789041755736,0.0
304,1558.5974025974026,346.53246753246754,77,79,0.7777777777777778,0.7385080146591579,-2.6020737116401174
305,1562.1186440677966,387.6949152542373,59,71,0.6704545454545454,0.8826343675606279,-1.2679894465006099
306,1558.0,777.5,18,18,1.0,0.8783100656536799,0.0
307,1560.0,31.0,15,15,1.0,0.816496580927726,-1.5707963267948966
308,1563.5,1394.0,18,18,0.9,0.6934837441847964,-0.40333577471075466
309,1567.1568627450981,400.96078431372547,51,63,0.6071428571428571,0.8817468011328095,-0.10408405149584699
311,1574.057471264368,35.32183908045977,87,90,0.8365384615384616,0.8036067979284297,-1.3593653923919444
313,1576.0,11.0,15,15,1.0,0.816496580927726,-1.5707963267948966
314,1587.1568627450981,5.303921568627451,204,246,0.6335403726708074,0.8659218061581571,-1.1903542383141779
315,1581.0594059405942,369.36633663366337,101,109,0.7651515151515151,0.5875556264926817,-2.633158702064459
316,1597.4568713450292,141.72587719298247,1368,1764,0.5485164394546913,0.4803177642247127,-2.74318659073908
317,1585.82,297.5,50,53,0.6944444444444444,0.8380656492738694,-2.5315982023906214
318,1586.1538461538462,917.1025641025641,39,42,0.7959183673469388,0.5600367575501516,-0.8647685587738154
322,1599.7692307692307,68.6923076923077,52,68,0.49523809523809526,0.9714551374534094,-1.283926526601065
323,1595.5,792.0,12,12,1.0,0.6831300510639732,-1.5707963267948966
324,1602.7371794871794,177.28205128205127,156,185,0.65,0.7176211778751935,-2.4836286308154314
325,1599.0,33.5,12,12,1.0,0.6831300510639732,0.0
326,1678.205771394533,328.61751274075056,15109,15751,0.842196209587514,0.6726358495570244,-1.4192231703600746
327,1602.0,28.5,12,12,1.0,0.6831300510639732,0.0
328,1604.9590163934427,606.3852459016393,122,138,0.7134502923976608,0.8689646619427654,-2.9604779992688877
329,1604.375,870.21875,32,32,0.8888888888888888,0.43648182661391755,-2.2975875637783516
330,1610.061224489796,1.653061224489796,49,57,0.6282051282051282,0.9245004018880936,-1.3792953299710693
333,1609.5,164.0,12,12,1.0,0.6831300510639732,-1.5707963267948966
334,1614.0377358490566,179.0566037735849,53,64,0.6625,0.6822842573948467,-0.08054998574123351
335,1614.0,36.5,20,20,1.0,0.6123724356957945,-1.5707963267948966
336,1615.1923076923076,381.38461538461536,26,27,0.9285714285714286,0.8396118066729051,-1.4539885688636098
337,1617.5657894736842,166.1315789473684,76,80,0.8444444444444444,0.5227264265827654,-2.1381616307896048
338,1618.9473684210527,697.2631578947369,57,62,0.7916666666666666,0.6151128639635934,-2.1258710562823633
339,1619.4117647058824,611.0588235294117,17,18,0.85,0.7592834946661577,-0.43461740273293126
340,1644.633300297324,9.581764122893954,1009,1037,0.7643939393939394,0.8882932469990874,-1.631382358062884
341,1624.4,841.4,15,15,0.9375,0.4898979485566357,-0.7853981633974483
342,1626.1290322580646,607.0967741935484,31,32,0.8857142857142857,0.7753484741741281,-2.878190349670265
343,1652.9614243323442,785.4391691394659,337,446,0.48142857142857143,0.828343922824307,-0.9638450648546796
344,1643.5,765.5,22,22,0.9166666666666666,0.7728365157495385,-0.21916827992897892
345,1647.6702702702703,1173.3405405405406,185,210,0.6851851851851852,0.9574272707724668,-2.992806880158988
346,1650.2582781456954,1145.0066225165563,151,169,0.6452991452991453,0.872657741983176,-2.685019855916633
347,1646.0,1192.5,18,18,1.0,0.8783100656536799,0.0
348,1658.3731343283582,650.8955223880597,67,73,0.7444444444444445,0.7751498751031858,-2.081870969384074
349,1658.2692307692307,1146.2307692307693,26,27,0.8666666666666667,0.6958614409419452,-0.404837976556492
350,1661.75,586.0,24,26,0.8571428571428571,0.8456454807244981,0.0
351,1663.0,172.0,21,21,0.84,0.0,-0.7853981633974483
352,1663.7407407407406,840.3703703703703,27,28,0.75,0.7956915080285278,-0.8575327271059957
353,1663.8947368421052,185.57894736842104,19,19,0.95,0.6322808964466018,-1.3470363392163116
354,1733.8333535623256,129.32564631630052,8239,10682,0.5315483870967742,0.7870315231479953,-2.3282931641879303
355,1678.8384146341464,621.6829268292682,656,739,0.5963636363636363,0.9168863337629274,-2.8356067171964394
356,1677.373015873016,111.44444444444444,126,141,0.65625,0.8553843601376289,-2.698264945191027
357,1676.9705882352941,582.8676470588235,68,94,0.6071428571428571,0.8830655861273764,-3.058902196626602
358,1714.9263622974963,64.94771723122238,4074,6272,0.46106835672249885,0.6079142212460501,-2.0116596069572106
360,1681.5520833333333,1116.0208333333333,96,106,0.7272727272727273,0.7110286970669417,-1.0988206879972258
361,1679.0,0.8461538461538461,13,13,0.8666666666666667,0.8064425896179158,-1.5707963267948966
362,1692.3730272596842,743.4268292682926,1394,1614,0.6701923076923076,0.953018754989345,-0.028597051283809183
363,1684.68,579.44,25,26,0.8333333333333334,0.545530395430319,-2.9443669883986816
364,1690.0,583.5,18,18,1.0,0.8783100656536799,0.0
365,1696.970297029703,785.6930693069307,101,106,0.7651515151515151,0.6446494803643208,-2.0864369107272895
366,1696.75,1121.8235294117646,68,71,0.7727272727272727,0.7774344354295574,-0.45509868801846154
367,1703.0,809.0816326530612,49,51,0.875,0.4701369310790871,-3.0182978454778766
368,1742.6837606837607,1182.5897435897436,117,127,0.73125,0.7842213928911608,-0.11504281220095436
369,1750.0,1192.0,23,23,0.92,0.5656854249492381,-2.356194490192345
370,1771.3342939481267,1520.913544668588,347,406,0.7038539553752535,0.8413939525973403,-2.860530850851646
371,1767.648,1548.672,125,133,0.78125,0.7992629348157009,-2.984730352713184
372,1773.7307692307693,52.65384615384615,26,28,0.8125,0.9143742336906147,-2.986574403472849
375,1789.85,1759.2,240,280,0.6349206349206349,0.6954741437312506,-2.846784806046733
376,1788.6875,449.21875,32,35,0.8,0.9481394455070512,-1.4694591405856634
378,1797.0,1514.5,12,12,1.0,0.6831300510639732,0.0
379,1799.0,1822.0,15,15,1.0,0.816496580927726,0.0
380,1802.0,1515.5,12,12,1.0,0.6831300510639732,0.0
381,1803.576923076923,1533.8461538461538,26,27,0.8666666666666667,0.7214486867002435,-1.1811032209041392
382,1803.0,1557.5,12,12,1.0,0.6831300510639732,0.0
383,1819.9180327868853,1715.1147540983607,61,67,0.7922077922077922,0.8433489901419113,-2.8723708056813617
384,1838.1044776119404,1690.4776119402984,67,78,0.638095238095238,0.9517382417039005,-0.22823414108697282
385,1847.5,1788.5,14,14,0.875,0.6708203932499369,-2.356194490192345
386,1849.6,867.35,20,21,0.8333333333333334,0.8361177990329031,-1.289467884445552
387,1860.6184538653367,924.351620947631,401,456,0.7523452157598499,0.9651548782275259,-0.006141258971858132
388,1862.6312056737588,1053.6666666666667,141,152,0.7833333333333333,0.893640469234756,-3.1125855855276745
389,1863.8235294117646,1484.3235294117646,34,39,0.7083333333333334,0.8526979777685367,-1.2235231790414796
390,1865.5,1014.5,22,22,0.9166666666666666,0.7728365157495385,-0.21916827992897892
391,1883.6422764227643,1464.6829268292684,123,165,0.4659090909090909,0.9505960117438216,-2.8064461837383057
393,1885.0,1857.5,18,18,1.0,0.8783100656536799,0.0
394,1892.9117647058824,1852.764705882353,68,73,0.7555555555555555,0.9409360112509403,-2.962774079224107
395,1903.608695652174,1054.5652173913043,23,23,0.9583333333333334,0.757544515981121,-1.6783303959905078
396,1909.0963855421687,1189.3313253012047,332,363,0.7377777777777778,0.903314473605816,-0.13898560849524833
397,1908.2280701754387,1638.140350877193,57,63,0.7037037037037037,0.792335079070138,-2.317629461470558
398,1948.5437023756162,1662.0634244733303,4462,4911,0.7719723183391003,0.6761634780934314,-1.717499171279953
399,1914.5925925925926,1121.9259259259259,27,27,0.9,0.5724125976557585,-1.7888155004550237
400,1919.5658914728683,927.2868217054264,129,143,0.7087912087912088,0.6757994636370982,-0.9135751955058462
401,1929.348623853211,1004.2614678899082,218,334,0.4249512670565302,0.7961387744815128,-1.9949291835419756
402,1917.7692307692307,1103.7051282051282,78,80,0.8125,0.7588769597208007,-2.8948260232623806
404,1927.205298013245,1224.1854304635763,151,183,0.6863636363636364,0.8032648381532127,-1.72087746827961
405,1923.6764705882354,1531.4705882352941,34,36,0.8095238095238095,0.6085564858240844,-1.7031401514174687
406,1923.5,1094.5,16,16,1.0,0.0,-0.7853981633974483
407,1943.8861386138615,1300.9026402640263,606,803,0.4859663191659984,0.7911534012504992,-1.6672846024694352
408,1933.7591240875913,979.9416058394161,137,154,0.7248677248677249,0.9386677255524114,-0.014525663729421323
409,1936.075,935.05,80,93,0.6666666666666666,0.9122102212397621,-0.23153494840281197
410,1936.9166666666667,898.9166666666666,24,24,0.96,0.40824829046386285,-0.7853981633974483
411,1947.1379310344828,1512.2931034482758,58,62,0.8787878787878788,0.8574530800788851,-1.4697573766095147
412,1957.0833333333333,1101.9166666666667,24,24,0.96,0.40824829046386313,-0.785398163397449
413,1974.340909090909,1338.064049586777,968,1178,0.6376811594202898,0.8114314833540338,-0.15695957935700577
414,1960.7777777777778,1110.2777777777778,54,59,0.84375,0.480476639188616,-1.5208379310729538
415,1960.5,419.5,14,14,0.875,0.6708203932499369,-2.356194490192345
416,1965.0544217687075,901.1020408163265,147,160,0.65625,0.8064393475624813,-2.5740615286726296
418,1962.0,407.5,18,18,1.0,0.8783100656536799,0.0
419,1984.6613995485327,991.941309255079,443,541,0.5679487179487179,0.936568589918518,-1.3168863203578627
420,1970.0735294117646,1288.6764705882354,68,75,0.8095238095238095,0.9187770521057926,-1.6145962667594145
421,1973.0,1148.5,12,12,1.0,0.6831300510639732,0.0
422,1976.5,1307.5,24,24,1.0,0.7559289460184544,-1.5707963267948966
423,1983.5981735159817,1244.75799086758,219,234,0.7324414715719063,0.853376610734326,-0.2858528449994504
424,1985.6,1263.4,15,15,0.9375,0.4898979485566357,-2.356194490192345
425,1989.0,1775.5,12,12,1.0,0.6831300510639732,0.0
427,2010.355754857997,1249.1285500747383,669,703,0.7870588235294118,0.9457516052994945,-3.05336616067574
428,2011.42,1380.52,50,53,0.8333333333333334,0.8220822262717342,-0.12060149700864464
429,2013.861111111111,308.94444444444446,36,39,0.75,0.6989689109461095,-1.2918539731092331
430,2016.8666666666666,946.2888888888889,45,50,0.625,0.9006579979495142,-2.166323857032057
431,2015.68,968.08,25,26,0.8333333333333334,0.6804425207235691,-1.8864926866698803
432,2017.5,760.0,12,12,1.0,0.6831300510639732,-1.5707963267948966
433,2020.8392857142858,934.0714285714286,56,60,0.8484848484848485,0.8707097988385061,-3.113099520218867
434,2019.6,989.4,15,15,0.9375,0.4898979485566357,-2.356194490192345
435,2027.855855855856,970.009009009009,111,133,0.69375,0.8782441828498222,-1.4253153356374244
436,2025.7169811320755,914.4716981132076,53,57,0.828125,0.4309618531100833,-1.8313464222446791
437,2033.2446043165467,1342.6978417266187,139,158,0.7722222222222223,0.8583001621392887,-1.547975476596784
438,2039.3096446700508,1166.1827411167512,197,255,0.4528735632183908,0.9685727712803498,-2.756546058085077
440,2050.846625766871,1345.196319018405,163,183,0.7276785714285714,0.713519898002579,-0.40173778774953295
441,2048.5,1145.5,24,24,1.0,0.7559289460184544,-1.5707963267948966
443,2074.828703703704,878.5642361111111,1728,1834,0.7639257294429708,0.712667501313007,-2.977096685431027
444,2108.2051282051284,935.5641025641025,39,42,0.8125,0.7588358435074571,-1.4859714406456346
446,2113.0,1332.5,12,12,1.0,0.6831300510639732,0.0
448,2128.7865168539324,919.2247191011236,89,93,0.8240740740740741,0.7669397351322407,-2.673136688067214
449,2127.1428571428573,1130.357142857143,28,29,0.9333333333333333,0.6286783602715024,-0.2828507343280888
450,2131.7444444444445,1084.2444444444445,90,119,0.34615384615384615,0.9821505714244316,-2.664375950331922
451,2128.0,18.0,15,15,1.0,0.816496580927726,0.0
452,2132.4,1097.6,15,15,0.9375,0.4898979485566355,-0.785398163397448
453,2144.5,1077.0,12,12,1.0,0.6831300510639732,-1.5707963267948966
454,2152.0,1680.0,15,15,1.0,0.816496580927726,0.0
455,2156.041237113402,1730.6546391752577,194,314,0.5105263157894737,0.9825699796271856,-0.11754664034445406
458,2214.714285714286,1256.2857142857142,35,37,0.875,0.8426015705025394,-3.0126603796892946
459,2218.0,779.3333333333334,18,18,0.9,0.6123724356957945,-1.5707963267948966
460,2241.968882602546,805.3592644978784,707,831,0.44298245614035087,0.9713547579014257,-2.78229739434494
461,2240.2820512820513,860.0961538461538,156,176,0.6782608695652174,0.9172542760930698,-3.0632624594030355
462,2243.5,1400.0,34,34,0.9444444444444444,0.9001006679085409,-0.07115747003960604
463,2250.5557228915663,1487.2906626506024,664,724,0.6852425180598555,0.9667888353539581,-3.1001068610580313
464,2248.0,1395.0,21,21,1.0,0.9128709291752769,0.0
465,2254.4767932489453,905.6582278481013,237,267,0.7053571428571429,0.924810079788762,-3.054584359167354
466,2252.9411764705883,927.9117647058823,34,34,0.9714285714285714,0.7090414655482958,-3.0474819009374077
469,2272.0,1547.5,12,12,1.0,0.6831300510639732,0.0
470,2288.758220502901,1048.798839458414,1034,1166,0.7586206896551724,0.7948415272081802,-2.982099257518207
471,2285.4725274725274,1563.434065934066,182,258,0.4666666666666667,0.9150158119886371,-1.1412241712309648
473,2286.7741935483873,1290.4193548387098,62,67,0.7045454545454546,0.8414735638453424,-0.46885291697597187
474,2290.8285714285716,1436.3,140,155,0.7777777777777778,0.8629001600349614,-1.5364926783823496
475,2322.352108244179,1127.6472624292007,3178,4279,0.5062121694807263,0.8741123331634433,-2.4495208537657462
477,2295.1971830985917,1576.8028169014085,71,94,0.7171717171717171,0.7383254182251908,-1.6538683719836738
479,2300.0,1555.5,12,12,1.0,0.6831300510639732,0.0
480,2326.0152588555857,1622.782561307902,1835,2083,0.6539558089807556,0.6545924338642809,-2.964333755134323
481,2303.4,1562.4,15,15,0.9375,0.4898979485566357,-0.7853981633974483
482,2304.266666666667,1474.0666666666666,45,48,0.8653846153846154,0.9577258859659257,-0.010037261527686692
483,2308.2083333333335,454.2916666666667,48,49,0.8571428571428571,0.5816947825396847,-0.37498692574032444
484,2311.5754716981132,1517.9811320754718,106,136,0.5196078431372549,0.7745931427117734,-2.841421394063765
485,2319.5,395.0,24,24,1.0,0.9343531843023135,-1.5707963267948966
486,2329.1237113402062,1991.7525773195875,97,129,0.24808184143222506,0.9887345455404547,-2.19855463680703
489,2332.9920212765956,548.6648936170212,376,503,0.5222222222222223,0.9602475984925254,-2.881822185948295
490,2326.5,1225.0,12,12,1.0,0.6831300510639732,-1.5707963267948966
491,2334.703791469194,466.88862559241704,422,461,0.7535714285714286,0.9133851035651441,-0.050129371820585744
492,2336.7547770700635,499.4203821656051,314,371,0.6840958605664488,0.8421241865417477,-0.021754381191918526
494,2333.4776119402986,1456.955223880597,67,68,0.9571428571428572,0.726150941025909,-1.5550739107507503
495,2340.313953488372,1224.6860465116279,86,97,0.7678571428571429,0.920902820194467,-1.5778921661880174
496,2335.0,1350.5,18,18,1.0,0.8783100656536799,0.0
497,2348.25641025641,1282.5128205128206,156,222,0.5,0.9440528176909921,-1.3448852855479365
498,2344.2597402597403,75.93506493506493,77,121,0.42777777777777776,0.6285227790967667,-2.5575748009770045
499,2348.0808383233534,108.2874251497006,334,453,0.521875,0.8394067261503179,-3.059630650737064
500,2352.285714285714,1958.3961038961038,154,235,0.45161290322580644,0.9781373919165686,-1.721211108001325
501,2341.0,1970.0,21,21,1.0,0.9128709291752769,0.0
502,2347.5,1058.5,14,14,0.875,0.6708203932499369,-0.7853981633974483
503,2348.714285714286,1442.3714285714286,35,37,0.875,0.8259782759846841,-3.056024105846798
504,2353.1794871794873,65.47435897435898,78,101,0.609375,0.9215813575179312,-3.0247007949345726
505,2375.019960732984,495.898887434555,3056,4076,0.5394527802294793,0.7980623642501928,-0.24146405474704147
506,2357.753846153846,590.8923076923077,65,71,0.65,0.8516091444456523,-2.364837289522578
507,2381.2878962536024,1164.1017291066282,3470,3694,0.7670203359858532,0.8195550405959557,-3.1364238435309284
508,2361.864864864865,1216.7567567567567,37,41,0.7708333333333334,0.8348202224615083,-2.768535268970452
509,2363.0833333333335,105.75,36,39,0.75,0.7268034767035231,-2.8610801420203207
510,2367.9390681003583,1237.1756272401433,279,301,0.7117346938775511,0.8791837452596074,-0.08674979694768603
511,2365.35,85.1,80,85,0.8888888888888888,0.9215452921341907,-3.1350658276813244
512,2364.4210526315787,569.8947368421053,19,19,0.95,0.6322808964466018,-2.917832666011208
514,2374.3333333333335,1089.0,36,39,0.9,0.8191948365040449,-1.4766855741425111
515,2374.0,1274.5,12,12,1.0,0.6831300510639732,0.0
516,2377.423076923077,565.6538461538462,26,27,0.7222222222222222,0.8361451547667882,-0.7445337616728711
518,2388.0,470.5,12,12,1.0,0.6831300510639732,0.0
519,2391.5,1943.5,14,14,0.875,0.6708203932499369,-0.7853981633974483
521,2402.8333333333335,1894.3333333333333,18,19,0.9,0.6989295601575878,-1.8726709934936148
522,2406.5,1934.0,12,12,1.0,0.6831300510639732,-1.5707963267948966
523,2408.5,1901.5,14,14,0.875,0.6708203932499369,-2.356194490192345
524,2448.1935587761673,1594.7252818035427,3105,3994,0.6716417910447762,0.4131863107418955,-2.0932511615479727
525,2414.5,1932.0,12,12,1.0,0.6831300510639732,-1.5707963267948966
526,2418.0,1338.0,15,15,1.0,0.816496580927726,-1.5707963267948966
527,2422.967741935484,1927.1290322580646,31,36,0.6888888888888889,0.9276490835701616,-1.883801417456214
528,2425.5267175572517,782.6564885496183,131,146,0.655,0.9235604054792201,-0.2653165919595095
529,2434.5,1923.0,12,12,1.0,0.6831300510639732,-1.5707963267948966
530,2440.391304347826,1763.6347826086956,115,132,0.6388888888888888,0.8382397121978017,-2.59255237275432
531,2440.6,1347.65,20,21,0.8333333333333334,0.8361177990329031,-1.852124769144241
532,2442.8333333333335,1963.3333333333333,18,19,0.9,0.6989295601575878,-1.8726709934936148
533,2479.3391866913125,1503.507393715342,2164,2315,0.7747941281775869,0.6197596852046574,-1.1759469087289127
534,2461.08,822.16,100,111,0.6993006993006993,0.642889162529027,-0.2877982081634234
535,2467.5,1901.5,24,24,0.6666666666666666,0.8825799501580878,-0.7853981633974483
536,2469.625,865.125,24,25,0.8571428571428571,0.8671710835589495,-2.934139774744356
537,2480.4409448818897,1866.3385826771653,127,152,0.4601449275362319,0.9671366094087833,-1.997049555800284
538,2473.090909090909,1078.7727272727273,22,23,0.88,0.3579789930628062,-0.5880026035475665
539,2493.3333333333335,840.9664268585132,417,477,0.7838345864661654,0.9501835116402108,-1.512951200075609
540,2480.4931506849316,1100.86301369863,73,81,0.7604166666666666,0.8002504167666449,-0.09399348249073047
541,2488.743119266055,76.12844036697248,109,139,0.6228571428571429,0.978636795177032,-1.6573034330507086
542,2491.1304347826085,1075.304347826087,23,25,0.8214285714285714,0.8841155890112263,-1.3683504336523549
544,2509.5,1959.0,12,12,1.0,0.6831300510639732,-1.5707963267948966
545,2510.8888888888887,1978.4444444444443,27,27,0.9642857142857143,0.8281202285589021,-1.6370720929432336
546,2516.0555555555557,1884.1296296296296,54,69,0.38571428571428573,0.9744381036543724,-2.1187123408056845
547,2515.5,1959.0,12,12,1.0,0.6831300510639732,-1.5707963267948966
548,2524.9411764705883,1774.9705882352941,34,40,0.6181818181818182,0.9639849410728114,-1.8305901222736645
549,2525.08,78.44,25,26,0.8928571428571429,0.8481071219732257,-1.38356932859036
550,2536.7157894736843,1701.4,95,106,0.753968253968254,0.8441802874214059,-0.1896000650161933
551,2534.5,1863.0,12,12,1.0,0.6831300510639732,-1.5707963267948966
552,2550.350332594235,1712.7671840354767,451,678,0.47126436781609193,0.6473240555559104,-2.3337247864929465
553,2551.6369426751594,1505.9585987261146,314,396,0.6205533596837944,0.7381240430526466,-0.8287682496925046
554,2574.5800874403817,1606.5701510333863,5032,5508,0.6008358208955223,0.9320065434063116,-0.31583580822622626
555,2547.8571428571427,1487.857142857143,21,21,0.84,0.712241974147557,-0.7853981633974483
556,2552.342857142857,1926.0285714285715,35,39,0.625,0.8983969703240151,-2.179621728795801
557,2565.284263959391,24.34213197969543,985,1055,0.7148040638606676,0.9064148225324634,-0.16990725839619403
558,2554.0,1737.0,15,15,1.0,0.816496580927726,-1.5707963267948966
559,2555.6,1996.4,15,15,0.9375,0.4898979485566357,-2.356194490192345
561,2561.4,1495.9,30,34,0.75,0.8951497144292495,-1.8478123464995597
562,2562.4333333333334,1883.9333333333334,30,33,0.75,0.8650987165063682,-1.862013082215076
564,2567.5789473684213,1733.4736842105262,19,21,0.7916666666666666,0.8648250907976307,-0.32175055439664213
565,2571.0588235294117,1879.5882352941176,17,18,0.85,0.759283494666158,-2.005413729527828
566,2575.5,1875.5,14,14,0.875,0.6708203932499369,-0.7853981633974483
567,2585.6792452830186,844.643605870021,477,571,0.676595744680851,0.9578835405298115,-3.0914726986333463
568,2601.302904564315,1456.5390041493777,2410,3047,0.5250544662309368,0.9120741213587578,-2.862252431681223
569,2607.6511090573013,27.055914972273566,2164,2218,0.817838246409675,0.7719468613460516,-0.2070461510311381
572,2601.6532258064517,222.6451612903226,124,154,0.5904761904761905,0.8282681069604515,-0.8009544618597984
573,2611.9868421052633,1858.8026315789473,76,100,0.3392857142857143,0.97181779120747,-0.874917112390996
574,2614.2890625,1990.0859375,256,277,0.7485380116959064,0.47398404066600985,-0.3012516019002305
575,2607.5,214.0,12,12,1.0,0.6831300510639732,-1.5707963267948966
577,2632.227356746765,114.63401109057301,541,588,0.6918158567774936,0.7644609951787462,-0.13530699453006312
578,2623.32,1875.24,25,26,0.8928571428571429,0.8571428571428571,-0.1418970546041638
579,2635.029411764706,1994.2254901960785,204,210,0.85,0.9053012515612439,-1.6090216541692137
580,2646.2157894736843,1886.0894736842106,190,385,0.3247863247863248,0.9773838650777652,-1.7583006654592264
581,2639.7505070993916,1484.0121703853956,493,515,0.85,0.760961181393704,-0.05437221333832265
582,2633.5,1973.0,12,12,1.0,0.6831300510639732,-1.5707963267948966
584,2637.5,213.5,16,16,1.0,0.0,-0.7853981633974483
585,2643.5,210.0,12,12,1.0,0.6831300510639732,-1.5707963267948966
587,2648.9285714285716,1442.7619047619048,42,48,0.6666666666666666,0.8884721955428508,-1.9994484656294953
588,2648.6206896551726,1435.655172413793,29,31,0.8285714285714286,0.7969306559522278,-1.8727645613693338
589,2656.75,1974.6666666666667,36,37,0.8571428571428571,0.6306181347918643,-0.2927241653430952
590,2658.752941176471,182.8235294117647,85,91,0.8585858585858586,0.633648363209136,-0.20468290247263154
591,2661.3846153846152,205.63736263736263,91,107,0.5384615384615384,0.9102395331368833,-2.329064870018323
592,2658.310344827586,158.13793103448276,29,31,0.8285714285714286,0.6869737157308012,-2.980000016768904
593,2659.0,1942.5,12,12,1.0,0.6831300510639732,0.0
594,2661.0,1438.5,12,12,1.0,0.6831300510639732,0.0
595,2662.5,1878.0,12,12,1.0,0.6831300510639732,-1.5707963267948966
597,2677.2432432432433,1881.2972972972973,37,39,0.8222222222222222,0.8856424392784139,-1.7475673066704558
600,2677.5,1870.0,12,12,1.0,0.6831300510639732,-1.5707963267948966
601,2685.090909090909,1938.7727272727273,22,23,0.88,0.3579789930628062,-0.5880026035475665
602,2686.9,1859.95,20,21,0.8,0.7640952021595979,-2.305833571197808
604,2692.162162162162,1969.7027027027027,37,39,0.8222222222222222,0.8724040935395984,-1.4178568910924705
606,2708.835164835165,1855.868131868132,91,117,0.6190476190476191,0.9620557080933078,-1.6879063960364382
607,2699.0,1956.5,12,12,1.0,0.6831300510639732,0.0
608,2709.0,1904.5,24,26,0.8,0.7980043133290914,-0.40698091061810415
609,2712.3333333333335,1954.0,18,18,0.9,0.6123724356957945,0.0
611,2722.3214285714284,1968.0,28,28,0.9333333333333333,0.5461806047563829,-1.5707963267948966
612,2723.0,1851.5,12,12,1.0,0.6831300510639732,0.0
613,2725.72,1952.16,25,26,0.8333333333333334,0.7334971995018381,-2.1266128231293497
614,2734.8,1921.04,175,194,0.7954545454545454,0.9117861034167764,-1.5761769912497001
615,2728.5,1844.0,12,12,1.0,0.6831300510639732,-1.5707963267948966
616,2752.9859154929577,1976.4129321382843,1562,1656,0.71,0.7255414485218005,-0.5134707583258875
617,2740.266666666667,1844.0,45,54,0.6428571428571429,0.9740192217961328,-1.4006277686974689
619,2757.566037735849,1849.2075471698113,53,61,0.5408163265306123,0.9668213749751946,-1.2450853347010844
620,2765.021276595745,1920.9574468085107,47,51,0.746031746031746,0.6566731997016435,-1.4515464720735154
621,2784.0510948905107,1858.897810218978,137,225,0.428125,0.9739727261996719,-1.628676057131136
622,2780.25,1974.0,24,26,0.8571428571428571,0.8456454807244981,0.0
623,2781.0,1930.0,15,15,1.0,0.816496580927726,0.0
624,2790.0967741935483,635.7956989247311,93,124,0.372,0.9877938235892644,-2.865815428526189
625,2791.0,1977.5,12,12,1.0,0.6831300510639732,0.0
626,2809.8467153284673,758.3211678832117,274,329,0.6342592592592593,0.9558130113734439,-1.5875850926267487
627,2797.5333333333333,1924.2666666666667,45,48,0.8653846153846154,0.9639837306309395,-1.633185868160739
628,2800.4,1948.4,15,15,0.9375,0.4898979485566357,-0.7853981633974483
629,2812.5,1935.0,46,46,0.8518518518518519,0.7495703439624047,-0.19617007210775794
630,2817.0,1838.5,16,18,0.8,0.8141614619221464,-2.0256729057670015
631,2826.2449664429532,734.5234899328859,298,443,0.5518518518518518,0.8291476599654525,-3.121724676629819
632,2835.0117647058823,1994.070588235294,170,187,0.7264957264957265,0.6019287922418182,-1.3651929525355173
633,2830.4,751.4,15,15,0.9375,0.4898979485566357,-0.7853981633974483
635,2862.512640449438,638.2851123595506,1424,1765,0.5705128205128205,0.7989479308257097,-3.137678730429154
636,2843.9756097560976,612.4146341463414,41,46,0.7321428571428571,0.6721850113922516,-2.68077967810952
637,2847.2075471698113,713.2830188679245,53,58,0.8412698412698413,0.70769713830941,-2.9801237597976913
638,2848.764705882353,13.735294117647058,34,40,0.6071428571428571,0.8818187598824397,-0.9867464776019026
639,2857.018987341772,747.8101265822785,316,439,0.4647058823529412,0.8797503434379501,-2.9154864229655826
640,2856.8023255813955,700.1162790697674,86,121,0.4777777777777778,0.7695118314045439,-1.9907089964728464
642,2860.2432432432433,25.89189189189189,37,43,0.5138888888888888,0.9391698799909974,-0.6861152663719438
643,2867.159090909091,1829.5227272727273,44,47,0.8148148148148148,0.7917281581982316,-1.981749880064648
644,2867.4285714285716,33.04761904761905,21,23,0.7,0.8714131649608413,-0.9974694041132972
645,2873.1052631578946,1937.578947368421,19,19,0.95,0.6322808964466017,-1.7945563143734815
646,2874.0,1943.5,12,12,1.0,0.6831300510639732,0.0
647,2883.0,1828.0,15,15,1.0,0.816496580927726,-1.5707963267948966
648,2887.7441860465115,1987.7441860465117,43,47,0.7962962962962963,0.7880939134234806,-0.25654590653870146
649,2888.222222222222,740.6666666666666,27,29,0.84375,0.8979296552127503,-0.07398932387012946
650,2890.7727272727275,646.7272727272727,22,25,0.7333333333333333,0.8348813715045967,-0.5373808923434362
652,2897.7391304347825,479.69565217391306,23,24,0.8214285714285714,0.8157597445585503,-0.1439971593099345
